{
  "intents": [
    {
      "tag": "greeting",
      "patterns": ["হ্যালো", "হাই", "কেমন আছো?", "সুপ্রভাত"],
      "responses": ["হ্যালো!", "আপনাকে স্বাগতম!", "আমি ভালো আছি, আপনি কেমন?"]
    },
    {
      "tag": "goodbye",
      "patterns": ["বিদায়", "ভালো থেকো", "আবার দেখা হবে"],
      "responses": ["আবার দেখা হবে!", "ভালো থেকো!", "বিদায়!"]
    },
    {
      "tag": "thanks",
      "patterns": ["ধন্যবাদ", "ধন্যবাদ বন্ধু", "তোমাকে ধন্যবাদ"],
      "responses": ["আপনাকে ধন্যবাদ!", "যেকোনো সময়!", "আপনার জন্যই সবকিছু!"]
    }
  ]
}